id, display_name, profile, avatar
ucupumar, , https://github.com/ucupumar, https://avatars.githubusercontent.com/u/5253453?v=4
rifai, Ahmad Rifai, https://rifai.id, https://avatars.githubusercontent.com/u/765774?v=4
passivestar, , https://github.com/passivestar, https://avatars.githubusercontent.com/u/60579014?v=4
agnira, , https://github.com/agnira, https://avatars.githubusercontent.com/u/67183228?v=4
morirain, , https://github.com/morirain, https://avatars.githubusercontent.com/u/10196181?v=4
Kareemov03, , https://github.com/Kareemov03, https://avatars.githubusercontent.com/u/103568698?v=4
swift502, , https://github.com/swift502, https://avatars.githubusercontent.com/u/24359130?v=4
bappitybup, , https://github.com/bappitybup, https://avatars.githubusercontent.com/u/12457072?v=4
ameknite, , https://github.com/ameknite, https://avatars.githubusercontent.com/u/104745335?v=4
BittieByte, , https://github.com/BittieByte, https://avatars.githubusercontent.com/u/1491571?v=4
espiondev, , https://github.com/espiondev, https://avatars.githubusercontent.com/u/103931006?v=4
